instrText,stimDoor,stimDoorLure,stimFace,stimFaceLure,Instructions.thisRepN,Instructions.thisTrialN,Instructions.thisN,Instructions.thisIndex,Trials.thisRepN,Trials.thisTrialN,Trials.thisN,Trials.thisIndex,Func,Keys,Text,RespTime,Onset,Offset,SystemTime_Start,SystemTime_Stop,Stim,Lure,Participant*,Age,date,expName,psychopyVersion,frameRate,
"In the earlier Feedback Games, you chose which doors contained a prize, and which peers liked you. 

You then saw positive or negative feedback (green check mark or red X) from the door or peer you selected.

You will now see a series of doors and peers, some of which you saw during the earlier Feedback Games, and some that you have never seen before.

Please press the spacebar to continue.",,,,,0,0,0,0,,,,,instrFunc,space,"In the earlier Feedback Games, you chose which doors contained a prize, and which peers liked you. 

You then saw positive or negative feedback (green check mark or red X) from the door or peer you selected.

You will now see a series of doors and peers, some of which you saw during the earlier Feedback Games, and some that you have never seen before.

Please press the spacebar to continue.",18.131138000055216,32.870925699942745,51.068322740728036,2023-09-03 12:44:34.816227,2023-09-03 12:44:53.013769,,,10800,18-29,2023-09-03_12h44.30.214,Recall,2021.2.3,59.99080940785551,
"For doors/peers that you remember selecting and getting feedback from, your job is to RECALL what feedback you received. 

Press '1' if you recall positive feedback. 

Press '2' if you recall negative feedback

Press the spacebar to continue.",,,,,0,1,1,1,,,,,instrFunc,space,"For doors/peers that you remember selecting and getting feedback from, your job is to RECALL what feedback you received. 

Press '1' if you recall positive feedback. 

Press '2' if you recall negative feedback

Press the spacebar to continue.",18.0131719999481,51.04475080000702,69.10455078992527,2023-09-03 12:44:53.014769,2023-09-03 12:45:11.058865,,,10800,18-29,2023-09-03_12h44.30.214,Recall,2021.2.3,59.99080940785551,
"For doors/peers that you don't remember getting feedback from, your job is to PREDICT what feedback you WOULD HAVE received.

Press '9' if you predict positive feedback.

Press '0' if you predict negative feedback. 

Please press the spacebar to continue.",,,,,0,2,2,2,,,,,instrFunc,space,"For doors/peers that you don't remember getting feedback from, your job is to PREDICT what feedback you WOULD HAVE received.

Press '9' if you predict positive feedback.

Press '0' if you predict negative feedback. 

Please press the spacebar to continue.",15.1415519999573,69.09246019995771,84.28457788995001,2023-09-03 12:45:11.059887,2023-09-03 12:45:26.236971,,,10800,18-29,2023-09-03_12h44.30.214,Recall,2021.2.3,59.99080940785551,
"This task is self-paced, and the prompts will always stay on the screen so that you know which buttons to press.

On the next screen we will show you what those prompts look like, so that you know exactly what to expect. 

You will start with either doors or peers, and then switch halfway through. 

Please press the spacebar to continue.",,,,,0,3,3,3,,,,,instrFunc,space,"This task is self-paced, and the prompts will always stay on the screen so that you know which buttons to press.

On the next screen we will show you what those prompts look like, so that you know exactly what to expect. 

You will start with either doors or peers, and then switch halfway through. 

Please press the spacebar to continue.",10.561907800030895,84.26413799996953,94.86991988983937,2023-09-03 12:45:26.237971,2023-09-03 12:45:36.828302,,,10800,18-29,2023-09-03_12h44.30.214,Recall,2021.2.3,59.99080940785551,
,,,,,,,,,,,,,imgtextFunc,space,"Here is what the screen will look like while you make your ratings.
The green circles remind you to press 1 or 9 for positive feedback.
The red circles remind you to press 2 or 0 for negative feedback.









Please let the experimenter know if you have any questions.

Whenever you're ready, press the spacebar to start the task.",14.960123399971053,95.00996679998934,110.14742858998943,2023-09-03 12:45:36.840215,2023-09-03 12:45:51.973309,,,10800,18-29,2023-09-03_12h44.30.214,Recall,2021.2.3,59.99080940785551,
,SD005.jpg,0,MF005.jpg,0,,,,,0,0,0,54,imgFunc,9,NA,18.419171900022775,110.12679219990969,128.6731878699502,2023-09-03 12:45:52.014440,2023-09-03 12:46:10.552837,SD005.jpg,0,10800,18-29,2023-09-03_12h44.30.214,Recall,2021.2.3,59.99080940785551,
,DD032.jpg,0,FF032.jpg,0,,,,,0,1,1,31,imgFunc,1,NA,8.805252499994822,128.66876579995733,137.5984990899451,2023-09-03 12:46:10.565805,2023-09-03 12:46:19.492304,DD032.jpg,0,10800,18-29,2023-09-03_12h44.30.214,Recall,2021.2.3,59.99080940785551,
,SD018.jpg,0,MF018.jpg,0,,,,,0,2,2,67,imgFunc,0,NA,4.90680140000768,137.59903019992635,142.61651668988634,2023-09-03 12:46:19.501980,2023-09-03 12:46:24.512441,SD018.jpg,0,10800,18-29,2023-09-03_12h44.30.214,Recall,2021.2.3,59.99080940785551,
,SD017.jpg,0,MF017.jpg,0,,,,,0,3,3,66,imgFunc,9,NA,2.3542189999716356,142.6079472999554,145.05736508988775,2023-09-03 12:46:24.521272,2023-09-03 12:46:26.964453,SD017.jpg,0,10800,18-29,2023-09-03_12h44.30.214,Recall,2021.2.3,59.99080940785551,
,DD030.jpg,0,FF030.jpg,0,,,,,0,4,4,29,imgFunc,0,NA,1.8612519999733195,145.0528207999887,147.02171448990703,2023-09-03 12:46:26.972434,2023-09-03 12:46:28.932434,DD030.jpg,0,10800,18-29,2023-09-03_12h44.30.214,Recall,2021.2.3,59.99080940785551,
,DD002.jpg,0,FF002.jpg,0,,,,,0,5,5,1,imgFunc,2,NA,2.402594899991527,147.02353999996558,149.52638578996994,2023-09-03 12:46:28.940415,2023-09-03 12:46:31.434275,DD002.jpg,0,10800,18-29,2023-09-03_12h44.30.214,Recall,2021.2.3,59.99080940785551,
,DD023.jpg,0,FF023.jpg,0,,,,,0,6,6,22,imgFunc,9,NA,2.3663214000407606,149.53165889997035,151.99573098996188,2023-09-03 12:46:31.444250,2023-09-03 12:46:33.902702,DD023.jpg,0,10800,18-29,2023-09-03_12h44.30.214,Recall,2021.2.3,59.99080940785551,
,DD005.jpg,0,FF005.jpg,0,,,,,0,7,7,4,imgFunc,0,NA,4.1813654999714345,152.00462609995157,156.27893608994782,2023-09-03 12:46:33.916666,2023-09-03 12:46:38.189143,DD005.jpg,0,10800,18-29,2023-09-03_12h44.30.214,Recall,2021.2.3,59.99080940785551,
,L_SD507.jpg,1,L_MF507.jpg,1,,,,,0,8,8,96,imgFunc,1,NA,2.636738399975002,156.27740279992577,159.01251579006203,2023-09-03 12:46:38.197146,2023-09-03 12:46:40.924575,L_SD507.jpg,1,10800,18-29,2023-09-03_12h44.30.214,Recall,2021.2.3,59.99080940785551,
,L_SD509.jpg,1,L_MF509.jpg,1,,,,,0,9,9,98,imgFunc,2,NA,1.998611900024116,159.0114767999621,161.114231489948,2023-09-03 12:46:40.931558,2023-09-03 12:46:43.026101,L_SD509.jpg,1,10800,18-29,2023-09-03_12h44.30.214,Recall,2021.2.3,59.99080940785551,
,SD021.jpg,0,MF021.jpg,0,,,,,0,10,10,70,imgFunc,0,NA,1.2378802000312135,161.10828739998396,162.4438860899536,2023-09-03 12:46:43.033084,2023-09-03 12:46:44.360262,SD021.jpg,0,10800,18-29,2023-09-03_12h44.30.214,Recall,2021.2.3,59.99080940785551,
,DD007.jpg,0,FF007.jpg,0,,,,,0,11,11,6,imgFunc,1,NA,3.2907418999820948,162.4633813999826,165.86352608993184,2023-09-03 12:46:44.369240,2023-09-03 12:46:47.762641,DD007.jpg,0,10800,18-29,2023-09-03_12h44.30.214,Recall,2021.2.3,59.99080940785551,
,DD039.jpg,0,FF039.jpg,0,,,,,0,12,12,38,imgFunc,9,NA,1.6026575999567285,165.8634646999417,167.56756118987687,2023-09-03 12:46:47.777603,2023-09-03 12:46:49.480498,DD039.jpg,0,10800,18-29,2023-09-03_12h44.30.214,Recall,2021.2.3,59.99080940785551,
,L_SD508.jpg,1,L_MF508.jpg,1,,,,,0,13,13,97,imgFunc,0,NA,2.3845433000242338,167.56148089992348,170.03051328996662,2023-09-03 12:46:49.488479,2023-09-03 12:46:51.948899,L_SD508.jpg,1,10800,18-29,2023-09-03_12h44.30.214,Recall,2021.2.3,59.99080940785551,
,DD022.jpg,0,FF022.jpg,0,,,,,0,14,14,21,imgFunc,9,NA,2.7083500999724492,170.03780719998758,172.84141228999943,2023-09-03 12:46:51.955904,2023-09-03 12:46:54.751292,DD022.jpg,0,10800,18-29,2023-09-03_12h44.30.214,Recall,2021.2.3,59.99080940785551,
,DD011.jpg,0,FF011.jpg,0,,,,,0,15,15,10,imgFunc,1,NA,2.0601016000146046,172.83800609991886,174.99099928990472,2023-09-03 12:46:54.758275,2023-09-03 12:46:56.902788,DD011.jpg,0,10800,18-29,2023-09-03_12h44.30.214,Recall,2021.2.3,59.99080940785551,
,L_DD510.jpg,1,L_FF510.jpg,1,,,,,0,16,16,49,imgFunc,0,NA,2.3007661999436095,174.98929529997986,177.39245388982818,2023-09-03 12:46:56.909771,2023-09-03 12:46:59.304298,L_DD510.jpg,1,10800,18-29,2023-09-03_12h44.30.214,Recall,2021.2.3,59.99080940785551,
,SD025.jpg,0,MF025.jpg,0,,,,,0,17,17,74,imgFunc,1,NA,1.5937431000638753,177.40035369992256,179.0882470898796,2023-09-03 12:46:59.319259,2023-09-03 12:47:01.005339,SD025.jpg,0,10800,18-29,2023-09-03_12h44.30.214,Recall,2021.2.3,59.99080940785551,
,SD031.jpg,0,MF031.jpg,0,,,,,0,18,18,80,imgFunc,9,NA,1.691034400020726,179.08715189993382,180.87306288990658,2023-09-03 12:47:01.012322,2023-09-03 12:47:02.790178,SD031.jpg,0,10800,18-29,2023-09-03_12h44.30.214,Recall,2021.2.3,59.99080940785551,
,DD004.jpg,0,FF004.jpg,0,,,,,0,19,19,3,imgFunc,1,NA,1.302441000007093,180.87536980002187,182.27726068987977,2023-09-03 12:47:02.797162,2023-09-03 12:47:04.190404,DD004.jpg,0,10800,18-29,2023-09-03_12h44.30.214,Recall,2021.2.3,59.99080940785551,
,SD037.jpg,0,MF037.jpg,0,,,,,0,20,20,86,imgFunc,2,NA,2.0460144999669865,182.28383019997273,184.4369816899998,2023-09-03 12:47:04.198382,2023-09-03 12:47:06.342570,SD037.jpg,0,10800,18-29,2023-09-03_12h44.30.214,Recall,2021.2.3,59.99080940785551,
,DD021.jpg,0,FF021.jpg,0,,,,,0,21,21,20,imgFunc,0,NA,1.72098460001871,184.44914599996991,186.2859092898434,2023-09-03 12:47:06.349578,2023-09-03 12:47:08.177484,DD021.jpg,0,10800,18-29,2023-09-03_12h44.30.214,Recall,2021.2.3,59.99080940785551,
,SD003.jpg,0,MF003.jpg,0,,,,,0,22,22,52,imgFunc,1,NA,1.3480217000469565,186.26208829996176,187.71404698991682,2023-09-03 12:47:08.185496,2023-09-03 12:47:09.628042,SD003.jpg,0,10800,18-29,2023-09-03_12h44.30.214,Recall,2021.2.3,59.99080940785551,
,DD036.jpg,0,FF036.jpg,0,,,,,0,23,23,35,imgFunc,9,NA,4.253203699947335,187.71685049997177,192.07131878996734,2023-09-03 12:47:09.635895,2023-09-03 12:47:13.981312,DD036.jpg,0,10800,18-29,2023-09-03_12h44.30.214,Recall,2021.2.3,59.99080940785551,
,SD029.jpg,0,MF029.jpg,0,,,,,0,24,24,78,imgFunc,0,NA,4.28830139990896,192.0739964999957,196.4604704900412,2023-09-03 12:47:13.989314,2023-09-03 12:47:18.368257,SD029.jpg,0,10800,18-29,2023-09-03_12h44.30.214,Recall,2021.2.3,59.99080940785551,
,L_DD503.jpg,1,L_FF503.jpg,1,,,,,0,25,25,42,imgFunc,0,NA,1.2361092999344692,196.461972399964,197.79670398985036,2023-09-03 12:47:18.376238,2023-09-03 12:47:19.702328,L_DD503.jpg,1,10800,18-29,2023-09-03_12h44.30.214,Recall,2021.2.3,59.99080940785551,
,L_SD503.jpg,1,L_MF503.jpg,1,,,,,0,26,26,92,imgFunc,9,NA,1.428275000071153,197.79796280001756,199.32083818991669,2023-09-03 12:47:19.716315,2023-09-03 12:47:21.236547,L_SD503.jpg,1,10800,18-29,2023-09-03_12h44.30.214,Recall,2021.2.3,59.99080940785551,
,L_SD502.jpg,1,L_MF502.jpg,1,,,,,0,27,27,91,imgFunc,0,NA,2.213792800088413,199.3243371999124,201.64142018987332,2023-09-03 12:47:21.245525,2023-09-03 12:47:23.555179,L_SD502.jpg,1,10800,18-29,2023-09-03_12h44.30.214,Recall,2021.2.3,59.99080940785551,
,L_SD510.jpg,1,L_MF510.jpg,1,,,,,0,28,28,99,imgFunc,0,NA,1.5214812000049278,201.6485767000122,203.26818779006135,2023-09-03 12:47:23.562163,2023-09-03 12:47:25.173138,L_SD510.jpg,1,10800,18-29,2023-09-03_12h44.30.214,Recall,2021.2.3,59.99080940785551,
,SD001.jpg,0,MF001.jpg,0,,,,,0,29,29,50,imgFunc,1,NA,1.286234200000763,203.2598297999939,204.64538599003572,2023-09-03 12:47:25.180121,2023-09-03 12:47:26.557528,SD001.jpg,0,10800,18-29,2023-09-03_12h44.30.214,Recall,2021.2.3,59.99080940785551,
,L_DD505.jpg,1,L_FF505.jpg,1,,,,,0,30,30,44,imgFunc,9,NA,1.3843977999640629,204.64982469996903,206.1357600899646,2023-09-03 12:47:26.564512,2023-09-03 12:47:28.041916,L_DD505.jpg,1,10800,18-29,2023-09-03_12h44.30.214,Recall,2021.2.3,59.99080940785551,
,DD035.jpg,0,FF035.jpg,0,,,,,0,31,31,34,imgFunc,1,NA,1.1417810000712052,206.14027769991662,207.3773801898351,2023-09-03 12:47:28.056878,2023-09-03 12:47:29.292578,DD035.jpg,0,10800,18-29,2023-09-03_12h44.30.214,Recall,2021.2.3,59.99080940785551,
,SD008.jpg,0,MF008.jpg,0,,,,,0,32,32,57,imgFunc,1,NA,2.0050710999639705,207.37311289994977,209.47608648985624,2023-09-03 12:47:29.299561,2023-09-03 12:47:31.393964,SD008.jpg,0,10800,18-29,2023-09-03_12h44.30.214,Recall,2021.2.3,59.99080940785551,
,SD040.jpg,0,MF040.jpg,0,,,,,0,33,33,89,imgFunc,0,NA,1.569946900010109,209.48023109999485,211.14927928999532,2023-09-03 12:47:31.400947,2023-09-03 12:47:33.062097,SD040.jpg,0,10800,18-29,2023-09-03_12h44.30.214,Recall,2021.2.3,59.99080940785551,
,SD023.jpg,0,MF023.jpg,0,,,,,0,34,34,72,imgFunc,1,NA,1.5604233000194654,211.153436099994,212.82194878987502,2023-09-03 12:47:33.069082,2023-09-03 12:47:34.729460,SD023.jpg,0,10800,18-29,2023-09-03_12h44.30.214,Recall,2021.2.3,59.99080940785551,
,L_SD501.jpg,1,L_MF501.jpg,1,,,,,0,35,35,90,imgFunc,9,NA,1.801821899949573,212.81634599994868,214.71077488991432,2023-09-03 12:47:34.741426,2023-09-03 12:47:36.631055,L_SD501.jpg,1,10800,18-29,2023-09-03_12h44.30.214,Recall,2021.2.3,59.99080940785551,
,DD014.jpg,0,FF014.jpg,0,,,,,0,36,36,13,imgFunc,2,NA,1.489865900017321,214.72837879997678,216.31617208989337,2023-09-03 12:47:36.646046,2023-09-03 12:47:38.232568,DD014.jpg,0,10800,18-29,2023-09-03_12h44.30.214,Recall,2021.2.3,59.99080940785551,
,SD038.jpg,0,MF038.jpg,0,,,,,0,37,37,87,imgFunc,0,NA,1.7919036999810487,216.31432799994946,218.1992965899408,2023-09-03 12:47:38.240548,2023-09-03 12:47:40.116901,SD038.jpg,0,10800,18-29,2023-09-03_12h44.30.214,Recall,2021.2.3,59.99080940785551,
,DD034.jpg,0,FF034.jpg,0,,,,,0,38,38,33,imgFunc,1,NA,1.3272818999830633,218.20283309998922,219.62231289001647,2023-09-03 12:47:40.123884,2023-09-03 12:47:41.534837,DD034.jpg,0,10800,18-29,2023-09-03_12h44.30.214,Recall,2021.2.3,59.99080940785551,
,SD033.jpg,0,MF033.jpg,0,,,,,0,39,39,82,imgFunc,1,NA,1.2334487000480294,219.6246395999333,220.9596243900014,2023-09-03 12:47:41.542818,2023-09-03 12:47:42.868791,SD033.jpg,0,10800,18-29,2023-09-03_12h44.30.214,Recall,2021.2.3,59.99080940785551,
,SD022.jpg,0,MF022.jpg,0,,,,,0,40,40,71,imgFunc,1,NA,1.971235299948603,220.96697569999378,223.05363938992377,2023-09-03 12:47:42.875775,2023-09-03 12:47:44.953847,SD022.jpg,0,10800,18-29,2023-09-03_12h44.30.214,Recall,2021.2.3,59.99080940785551,
,SD015.jpg,0,MF015.jpg,0,,,,,0,41,41,64,imgFunc,0,NA,0.9622659999877214,223.03189799992833,224.08443578984588,2023-09-03 12:47:44.960829,2023-09-03 12:47:46.004636,SD015.jpg,0,10800,18-29,2023-09-03_12h44.30.214,Recall,2021.2.3,59.99080940785551,
,SD026.jpg,0,MF026.jpg,0,,,,,0,42,42,75,imgFunc,9,NA,1.9405614000279456,224.08562479994725,226.12185158976354,2023-09-03 12:47:46.011620,2023-09-03 12:47:48.039270,SD026.jpg,0,10800,18-29,2023-09-03_12h44.30.214,Recall,2021.2.3,59.99080940785551,
,SD007.jpg,0,MF007.jpg,0,,,,,0,43,43,56,imgFunc,1,NA,1.0119967000791803,226.1261343000224,227.2452023900114,2023-09-03 12:47:48.046253,2023-09-03 12:47:49.156630,SD007.jpg,0,10800,18-29,2023-09-03_12h44.30.214,Recall,2021.2.3,59.99080940785551,
,SD002.jpg,0,MF002.jpg,0,,,,,0,44,44,51,imgFunc,0,NA,1.1426360999466851,227.24354279995896,228.47839608986396,2023-09-03 12:47:49.164610,2023-09-03 12:47:50.391041,SD002.jpg,0,10800,18-29,2023-09-03_12h44.30.214,Recall,2021.2.3,59.99080940785551,
,DD037.jpg,0,FF037.jpg,0,,,,,0,45,45,36,imgFunc,2,NA,1.0527254999615252,228.4854161000112,229.62655958998948,2023-09-03 12:47:50.404008,2023-09-03 12:47:51.542075,DD037.jpg,0,10800,18-29,2023-09-03_12h44.30.214,Recall,2021.2.3,59.99080940785551,
,L_DD502.jpg,1,L_FF502.jpg,1,,,,,0,46,46,41,imgFunc,0,NA,2.257223399938084,229.6248573999619,231.9776586899534,2023-09-03 12:47:51.549058,2023-09-03 12:47:53.893562,L_DD502.jpg,1,10800,18-29,2023-09-03_12h44.30.214,Recall,2021.2.3,59.99080940785551,
,DD028.jpg,0,FF028.jpg,0,,,,,0,47,47,27,imgFunc,1,NA,1.2182964000385255,231.97583299991675,233.29372578999028,2023-09-03 12:47:53.901542,2023-09-03 12:47:55.211291,DD028.jpg,0,10800,18-29,2023-09-03_12h44.30.214,Recall,2021.2.3,59.99080940785551,
,DD015.jpg,0,FF015.jpg,0,,,,,0,48,48,14,imgFunc,9,NA,1.3404292999766767,233.29357019998133,234.72911148995627,2023-09-03 12:47:55.218274,2023-09-03 12:47:56.645460,DD015.jpg,0,10800,18-29,2023-09-03_12h44.30.214,Recall,2021.2.3,59.99080940785551,
,SD035.jpg,0,MF035.jpg,0,,,,,0,49,49,84,imgFunc,2,NA,2.0174769000150263,234.736582399928,236.85573988989927,2023-09-03 12:47:56.653440,2023-09-03 12:47:58.763697,SD035.jpg,0,10800,18-29,2023-09-03_12h44.30.214,Recall,2021.2.3,59.99080940785551,
,L_SD505.jpg,1,L_MF505.jpg,1,,,,,0,50,50,94,imgFunc,1,NA,0.8735483000054955,236.86465829994995,237.83514088985976,2023-09-03 12:47:58.778681,2023-09-03 12:47:59.747820,L_SD505.jpg,1,10800,18-29,2023-09-03_12h44.30.214,Recall,2021.2.3,59.99080940785551,
,DD038.jpg,0,FF038.jpg,0,,,,,0,51,51,37,imgFunc,0,NA,1.2598322000121698,237.83040299999993,239.1823222899111,2023-09-03 12:47:59.755801,2023-09-03 12:48:01.098662,DD038.jpg,0,10800,18-29,2023-09-03_12h44.30.214,Recall,2021.2.3,59.99080940785551,
,DD016.jpg,0,FF016.jpg,0,,,,,0,52,52,15,imgFunc,9,NA,1.5251655998872593,239.19689599995036,240.833166189841,2023-09-03 12:48:01.105646,2023-09-03 12:48:02.733360,DD016.jpg,0,10800,18-29,2023-09-03_12h44.30.214,Recall,2021.2.3,59.99080940785551,
,DD031.jpg,0,FF031.jpg,0,,,,,0,53,53,30,imgFunc,1,NA,1.4858877999940887,240.82000189996324,242.40577998990193,2023-09-03 12:48:02.740343,2023-09-03 12:48:04.317715,DD031.jpg,0,10800,18-29,2023-09-03_12h44.30.214,Recall,2021.2.3,59.99080940785551,
,SD030.jpg,0,MF030.jpg,0,,,,,0,54,54,79,imgFunc,2,NA,2.2884369998937473,242.4016504000174,244.78821908996906,2023-09-03 12:48:04.324726,2023-09-03 12:48:06.703135,SD030.jpg,0,10800,18-29,2023-09-03_12h44.30.214,Recall,2021.2.3,59.99080940785551,
,DD027.jpg,0,FF027.jpg,0,,,,,0,55,55,26,imgFunc,1,NA,1.2351009000558406,244.799023999949,246.11647968983743,2023-09-03 12:48:06.719559,2023-09-03 12:48:08.037106,DD027.jpg,0,10800,18-29,2023-09-03_12h44.30.214,Recall,2021.2.3,59.99080940785551,
,SD006.jpg,0,MF006.jpg,0,,,,,0,56,56,55,imgFunc,9,NA,2.780566900037229,246.1175757999299,248.98815008986276,2023-09-03 12:48:08.044088,2023-09-03 12:48:10.905973,SD006.jpg,0,10800,18-29,2023-09-03_12h44.30.214,Recall,2021.2.3,59.99080940785551,
,DD033.jpg,0,FF033.jpg,0,,,,,0,57,57,32,imgFunc,2,NA,2.1600045999512076,248.98610009998083,251.23887308989652,2023-09-03 12:48:10.912956,2023-09-03 12:48:13.157198,DD033.jpg,0,10800,18-29,2023-09-03_12h44.30.214,Recall,2021.2.3,59.99080940785551,
,DD018.jpg,0,FF018.jpg,0,,,,,0,58,58,17,imgFunc,2,NA,1.813919399981387,251.2442663999973,253.1630210899748,2023-09-03 12:48:13.165201,2023-09-03 12:48:15.075459,DD018.jpg,0,10800,18-29,2023-09-03_12h44.30.214,Recall,2021.2.3,59.99080940785551,
,L_DD509.jpg,1,L_FF509.jpg,1,,,,,0,59,59,48,imgFunc,0,NA,1.200826899963431,253.18532439996488,254.50434118998237,2023-09-03 12:48:15.082442,2023-09-03 12:48:16.393058,L_DD509.jpg,1,10800,18-29,2023-09-03_12h44.30.214,Recall,2021.2.3,59.99080940785551,
,SD013.jpg,0,MF013.jpg,0,,,,,0,60,60,62,imgFunc,9,NA,1.2519998999778181,254.48622600000817,255.83814479003195,2023-09-03 12:48:16.401038,2023-09-03 12:48:17.744102,SD013.jpg,0,10800,18-29,2023-09-03_12h44.30.214,Recall,2021.2.3,59.99080940785551,
,DD012.jpg,0,FF012.jpg,0,,,,,0,61,61,11,imgFunc,2,NA,1.2588323999661952,255.82327249995433,257.1752975899726,2023-09-03 12:48:17.751085,2023-09-03 12:48:19.094492,DD012.jpg,0,10800,18-29,2023-09-03_12h44.30.214,Recall,2021.2.3,59.99080940785551,
,L_SD504.jpg,1,L_MF504.jpg,1,,,,,0,62,62,93,imgFunc,9,NA,2.714754700078629,257.18353099992964,260.0038647899637,2023-09-03 12:48:19.102474,2023-09-03 12:48:21.913725,L_SD504.jpg,1,10800,18-29,2023-09-03_12h44.30.214,Recall,2021.2.3,59.99080940785551,
,DD013.jpg,0,FF013.jpg,0,,,,,0,63,63,12,imgFunc,1,NA,1.4799044999526814,260.01820129994303,261.620655089966,2023-09-03 12:48:21.920708,2023-09-03 12:48:23.514766,DD013.jpg,0,10800,18-29,2023-09-03_12h44.30.214,Recall,2021.2.3,59.99080940785551,
,DD008.jpg,0,FF008.jpg,0,,,,,0,64,64,7,imgFunc,0,NA,2.866645500063896,261.6075610999251,264.5664510898059,2023-09-03 12:48:23.527733,2023-09-03 12:48:26.483698,DD008.jpg,0,10800,18-29,2023-09-03_12h44.30.214,Recall,2021.2.3,59.99080940785551,
,SD036.jpg,0,MF036.jpg,0,,,,,0,65,65,85,imgFunc,0,NA,2.200856100069359,264.5692906000186,266.87237349001225,2023-09-03 12:48:26.490681,2023-09-03 12:48:28.785442,SD036.jpg,0,10800,18-29,2023-09-03_12h44.30.214,Recall,2021.2.3,59.99080940785551,
,L_DD504.jpg,1,L_FF504.jpg,1,,,,,0,66,66,43,imgFunc,1,NA,1.1590362000279129,266.86716459994204,268.1191601898754,2023-09-03 12:48:28.792425,2023-09-03 12:48:30.036129,L_DD504.jpg,1,10800,18-29,2023-09-03_12h44.30.214,Recall,2021.2.3,59.99080940785551,
,DD009.jpg,0,FF009.jpg,0,,,,,0,67,67,8,imgFunc,9,NA,2.344664999982342,268.113488700008,270.5502492899541,2023-09-03 12:48:30.043112,2023-09-03 12:48:32.471353,DD009.jpg,0,10800,18-29,2023-09-03_12h44.30.214,Recall,2021.2.3,59.99080940785551,
,L_SD506.jpg,1,L_MF506.jpg,1,,,,,0,68,68,95,imgFunc,9,NA,2.5670785000547767,270.5628152999561,273.23267548996955,2023-09-03 12:48:32.478336,2023-09-03 12:48:35.139554,L_SD506.jpg,1,10800,18-29,2023-09-03_12h44.30.214,Recall,2021.2.3,59.99080940785551,
,DD026.jpg,0,FF026.jpg,0,,,,,0,69,69,25,imgFunc,0,NA,2.579255999997258,273.23085669998545,275.90280568995513,2023-09-03 12:48:35.154534,2023-09-03 12:48:37.825053,DD026.jpg,0,10800,18-29,2023-09-03_12h44.30.214,Recall,2021.2.3,59.99080940785551,
,L_DD507.jpg,1,L_FF507.jpg,1,,,,,0,70,70,46,imgFunc,2,NA,1.6505451999837533,275.9036271999357,277.63927738997154,2023-09-03 12:48:37.833055,2023-09-03 12:48:39.559738,L_DD507.jpg,1,10800,18-29,2023-09-03_12h44.30.214,Recall,2021.2.3,59.99080940785551,
,SD014.jpg,0,MF014.jpg,0,,,,,0,71,71,63,imgFunc,1,NA,1.2883909000083804,277.64176449994557,279.02721338986885,2023-09-03 12:48:39.566721,2023-09-03 12:48:40.943982,SD014.jpg,0,10800,18-29,2023-09-03_12h44.30.214,Recall,2021.2.3,59.99080940785551,
,SD011.jpg,0,MF011.jpg,0,,,,,0,72,72,60,imgFunc,0,NA,2.0113107999786735,279.0308303999482,281.13384438992944,2023-09-03 12:48:40.950965,2023-09-03 12:48:43.045526,SD011.jpg,0,10800,18-29,2023-09-03_12h44.30.214,Recall,2021.2.3,59.99080940785551,
,DD017.jpg,0,FF017.jpg,0,,,,,0,73,73,16,imgFunc,1,NA,1.2991067999973893,281.12704920000397,282.5128865898587,2023-09-03 12:48:43.052509,2023-09-03 12:48:44.429714,DD017.jpg,0,10800,18-29,2023-09-03_12h44.30.214,Recall,2021.2.3,59.99080940785551,
,L_DD506.jpg,1,L_FF506.jpg,1,,,,,0,74,74,45,imgFunc,2,NA,1.8417518999194726,282.52848049998283,284.46701138990466,2023-09-03 12:48:44.444659,2023-09-03 12:48:46.381167,L_DD506.jpg,1,10800,18-29,2023-09-03_12h44.30.214,Recall,2021.2.3,59.99080940785551,
,SD019.jpg,0,MF019.jpg,0,,,,,0,75,75,68,imgFunc,0,NA,1.2462406000122428,284.46353109995835,285.7996533899568,2023-09-03 12:48:46.388150,2023-09-03 12:48:47.715742,SD019.jpg,0,10800,18-29,2023-09-03_12h44.30.214,Recall,2021.2.3,59.99080940785551,
,SD004.jpg,0,MF004.jpg,0,,,,,0,76,76,53,imgFunc,1,NA,2.3301687999628484,285.79212719993666,288.21165708987974,2023-09-03 12:48:47.722725,2023-09-03 12:48:50.133746,SD004.jpg,0,10800,18-29,2023-09-03_12h44.30.214,Recall,2021.2.3,59.99080940785551,
,SD010.jpg,0,MF010.jpg,0,,,,,0,77,77,59,imgFunc,9,NA,3.66821869998239,288.2220181999728,291.9921732899966,2023-09-03 12:48:50.141727,2023-09-03 12:48:53.903261,SD010.jpg,0,10800,18-29,2023-09-03_12h44.30.214,Recall,2021.2.3,59.99080940785551,
,DD024.jpg,0,FF024.jpg,0,,,,,0,78,78,23,imgFunc,2,NA,1.4078105998924002,291.9940837000031,293.51252789003775,2023-09-03 12:48:53.911263,2023-09-03 12:48:55.421152,DD024.jpg,0,10800,18-29,2023-09-03_12h44.30.214,Recall,2021.2.3,59.99080940785551,
,SD028.jpg,0,MF028.jpg,0,,,,,0,79,79,77,imgFunc,9,NA,1.888599899946712,293.50569859996904,295.49191878992133,2023-09-03 12:48:55.428135,2023-09-03 12:48:57.405763,SD028.jpg,0,10800,18-29,2023-09-03_12h44.30.214,Recall,2021.2.3,59.99080940785551,
,L_DD501.jpg,1,L_FF501.jpg,1,,,,,0,80,80,40,imgFunc,0,NA,1.1436622999608517,295.48266310000326,296.7181030899519,2023-09-03 12:48:57.413745,2023-09-03 12:48:58.640270,L_DD501.jpg,1,10800,18-29,2023-09-03_12h44.30.214,Recall,2021.2.3,59.99080940785551,
,SD020.jpg,0,MF020.jpg,0,,,,,0,81,81,69,imgFunc,0,NA,1.9947428000159562,296.72743189998437,298.8301127899904,2023-09-03 12:48:58.647253,2023-09-03 12:49:00.741571,SD020.jpg,0,10800,18-29,2023-09-03_12h44.30.214,Recall,2021.2.3,59.99080940785551,
,DD019.jpg,0,FF019.jpg,0,,,,,0,82,82,18,imgFunc,1,NA,1.5939451000886038,298.8323782000225,300.534867790062,2023-09-03 12:49:00.748554,2023-09-03 12:49:02.442943,DD019.jpg,0,10800,18-29,2023-09-03_12h44.30.214,Recall,2021.2.3,59.99080940785551,
,DD040.jpg,0,FF040.jpg,0,,,,,0,83,83,39,imgFunc,0,NA,1.614650100003928,300.5312608999666,302.23868098994717,2023-09-03 12:49:02.455911,2023-09-03 12:49:04.160712,DD040.jpg,0,10800,18-29,2023-09-03_12h44.30.214,Recall,2021.2.3,59.99080940785551,
,SD027.jpg,0,MF027.jpg,0,,,,,0,84,84,76,imgFunc,2,NA,1.953742100042291,302.24817219993565,304.3005474898964,2023-09-03 12:49:04.167720,2023-09-03 12:49:06.211524,SD027.jpg,0,10800,18-29,2023-09-03_12h44.30.214,Recall,2021.2.3,59.99080940785551,
,SD039.jpg,0,MF039.jpg,0,,,,,0,85,85,88,imgFunc,1,NA,3.082041300018318,304.2881033999147,307.4582407899434,2023-09-03 12:49:06.219505,2023-09-03 12:49:09.381011,SD039.jpg,0,10800,18-29,2023-09-03_12h44.30.214,Recall,2021.2.3,59.99080940785551,
,DD029.jpg,0,FF029.jpg,0,,,,,0,86,86,28,imgFunc,0,NA,1.2614254000363871,307.4607749999268,308.8122770899208,2023-09-03 12:49:09.388992,2023-09-03 12:49:10.731910,DD029.jpg,0,10800,18-29,2023-09-03_12h44.30.214,Recall,2021.2.3,59.99080940785551,
,SD024.jpg,0,MF024.jpg,0,,,,,0,87,87,73,imgFunc,9,NA,1.6296645000111312,308.82062409992795,310.556174390018,2023-09-03 12:49:10.739891,2023-09-03 12:49:12.466442,SD024.jpg,0,10800,18-29,2023-09-03_12h44.30.214,Recall,2021.2.3,59.99080940785551,
,DD010.jpg,0,FF010.jpg,0,,,,,0,88,88,9,imgFunc,1,NA,1.3455923000583425,310.5606238999171,311.9986110898899,2023-09-03 12:49:12.481404,2023-09-03 12:49:13.917546,DD010.jpg,0,10800,18-29,2023-09-03_12h44.30.214,Recall,2021.2.3,59.99080940785551,
,SD016.jpg,0,MF016.jpg,0,,,,,0,89,89,65,imgFunc,1,NA,1.914509299909696,311.9916527000023,313.99462938995566,2023-09-03 12:49:13.924530,2023-09-03 12:49:15.919072,SD016.jpg,0,10800,18-29,2023-09-03_12h44.30.214,Recall,2021.2.3,59.99080940785551,
,L_DD508.jpg,1,L_FF508.jpg,1,,,,,0,90,90,47,imgFunc,1,NA,1.1791997000109404,314.00704149995,315.2930930898292,2023-09-03 12:49:15.926056,2023-09-03 12:49:17.203562,L_DD508.jpg,1,10800,18-29,2023-09-03_12h44.30.214,Recall,2021.2.3,59.99080940785551,
,DD003.jpg,0,FF003.jpg,0,,,,,0,91,91,2,imgFunc,1,NA,1.1349290000507608,315.29128899995703,316.52715748990886,2023-09-03 12:49:17.210545,2023-09-03 12:49:18.437710,DD003.jpg,0,10800,18-29,2023-09-03_12h44.30.214,Recall,2021.2.3,59.99080940785551,
,DD025.jpg,0,FF025.jpg,0,,,,,0,92,92,24,imgFunc,0,NA,2.9365679000038654,316.5137009000173,319.5343043899629,2023-09-03 12:49:18.444693,2023-09-03 12:49:21.456601,DD025.jpg,0,10800,18-29,2023-09-03_12h44.30.214,Recall,2021.2.3,59.99080940785551,
,DD020.jpg,0,FF020.jpg,0,,,,,0,93,93,19,imgFunc,1,NA,2.717098099994473,319.5571548999287,322.3795250898693,2023-09-03 12:49:21.470565,2023-09-03 12:49:24.291635,DD020.jpg,0,10800,18-29,2023-09-03_12h44.30.214,Recall,2021.2.3,59.99080940785551,
,DD006.jpg,0,FF006.jpg,0,,,,,0,94,94,5,imgFunc,1,NA,1.6447388000087813,322.3733479999937,324.1090933899395,2023-09-03 12:49:24.299651,2023-09-03 12:49:26.026457,DD006.jpg,0,10800,18-29,2023-09-03_12h44.30.214,Recall,2021.2.3,59.99080940785551,
,SD034.jpg,0,MF034.jpg,0,,,,,0,95,95,83,imgFunc,1,NA,1.3957420999649912,324.11045579996426,325.5948975898791,2023-09-03 12:49:26.034459,2023-09-03 12:49:27.510823,SD034.jpg,0,10800,18-29,2023-09-03_12h44.30.214,Recall,2021.2.3,59.99080940785551,
,DD001.jpg,0,FF001.jpg,0,,,,,0,96,96,0,imgFunc,1,NA,1.3159012000542134,325.59028829995077,326.99204858986195,2023-09-03 12:49:27.518804,2023-09-03 12:49:28.911681,DD001.jpg,0,10800,18-29,2023-09-03_12h44.30.214,Recall,2021.2.3,59.99080940785551,
,SD032.jpg,0,MF032.jpg,0,,,,,0,97,97,81,imgFunc,0,NA,2.2317628000164405,326.9944451999618,329.31268529000226,2023-09-03 12:49:28.920062,2023-09-03 12:49:31.230286,SD032.jpg,0,10800,18-29,2023-09-03_12h44.30.214,Recall,2021.2.3,59.99080940785551,
,SD009.jpg,0,MF009.jpg,0,,,,,0,98,98,58,imgFunc,1,NA,0.9902223999379203,329.3079577999888,330.39332958997693,2023-09-03 12:49:31.237269,2023-09-03 12:49:32.314112,SD009.jpg,0,10800,18-29,2023-09-03_12h44.30.214,Recall,2021.2.3,59.99080940785551,
,SD012.jpg,0,MF012.jpg,0,,,,,0,99,99,61,imgFunc,0,NA,1.122038299916312,330.39227499999106,331.61165358987637,2023-09-03 12:49:32.321096,2023-09-03 12:49:33.531972,SD012.jpg,0,10800,18-29,2023-09-03_12h44.30.214,Recall,2021.2.3,59.99080940785551,
,,,,,,,,,,,,,instrFunc,space,"Great work! 

 Now you will switch to the other image type.

 Press the spacebar whenever you are ready to start.",1.4469082999275997,331.5471419999376,333.0280224898597,2023-09-03 12:49:33.532972,2023-09-03 12:49:34.997744,,,10800,18-29,2023-09-03_12h44.30.214,Recall,2021.2.3,59.99080940785551,
,DD036.jpg,0,FF036.jpg,0,,,,,0,0,0,35,imgFunc,2,NA,3.9979040999896824,333.124295799993,337.2353394700913,2023-09-03 12:49:35.035644,2023-09-03 12:49:39.135573,FF036.jpg,0,10800,18-29,2023-09-03_12h44.30.214,Recall,2021.2.3,59.99080940785551,
,DD025.jpg,0,FF025.jpg,0,,,,,0,1,1,24,imgFunc,1,NA,3.2733072000555694,337.2169672999298,340.5869047897868,2023-09-03 12:49:39.143591,2023-09-03 12:49:42.504757,FF025.jpg,0,10800,18-29,2023-09-03_12h44.30.214,Recall,2021.2.3,59.99080940785551,
,SD022.jpg,0,MF022.jpg,0,,,,,0,2,2,71,imgFunc,1,NA,2.2054565000580624,340.596526099951,342.89966698980425,2023-09-03 12:49:42.511740,2023-09-03 12:49:44.806201,MF022.jpg,0,10800,18-29,2023-09-03_12h44.30.214,Recall,2021.2.3,59.99080940785551,
,L_SD507.jpg,1,L_MF507.jpg,1,,,,,0,3,3,96,imgFunc,1,NA,1.2269022000255063,342.8952145000221,344.21961808996275,2023-09-03 12:49:44.819165,2023-09-03 12:49:46.140665,L_MF507.jpg,1,10800,18-29,2023-09-03_12h44.30.214,Recall,2021.2.3,59.99080940785551,
,DD007.jpg,0,FF007.jpg,0,,,,,0,4,4,6,imgFunc,0,NA,1.5642771000275388,344.22192649997305,345.8733973900089,2023-09-03 12:49:46.148667,2023-09-03 12:49:47.791951,FF007.jpg,0,10800,18-29,2023-09-03_12h44.30.214,Recall,2021.2.3,59.99080940785551,
,SD008.jpg,0,MF008.jpg,0,,,,,0,5,5,57,imgFunc,9,NA,1.3505387000041083,345.87563089991454,347.328659189865,2023-09-03 12:49:47.798934,2023-09-03 12:49:49.243136,MF008.jpg,0,10800,18-29,2023-09-03_12h44.30.214,Recall,2021.2.3,59.99080940785551,
,SD001.jpg,0,MF001.jpg,0,,,,,0,6,6,50,imgFunc,1,NA,1.0372630999190733,347.34098149999045,348.4929400900146,2023-09-03 12:49:49.250119,2023-09-03 12:49:50.393730,MF001.jpg,0,10800,18-29,2023-09-03_12h44.30.214,Recall,2021.2.3,59.99080940785551,
,DD001.jpg,0,FF001.jpg,0,,,,,0,7,7,0,imgFunc,1,NA,0.8865783999208361,348.4836246999912,349.4686179900309,2023-09-03 12:49:50.401711,2023-09-03 12:49:51.378112,FF001.jpg,0,10800,18-29,2023-09-03_12h44.30.214,Recall,2021.2.3,59.99080940785551,
,L_SD504.jpg,1,L_MF504.jpg,1,,,,,0,8,8,93,imgFunc,1,NA,1.3952075999695808,349.46296729997266,350.94848638994154,2023-09-03 12:49:51.385095,2023-09-03 12:49:52.862248,L_MF504.jpg,1,10800,18-29,2023-09-03_12h44.30.214,Recall,2021.2.3,59.99080940785551,
,SD011.jpg,0,MF011.jpg,0,,,,,0,9,9,60,imgFunc,2,NA,1.9099430000642315,350.94814829993993,352.9514056898188,2023-09-03 12:49:52.869231,2023-09-03 12:49:54.864024,MF011.jpg,0,10800,18-29,2023-09-03_12h44.30.214,Recall,2021.2.3,59.99080940785551,
,L_SD505.jpg,1,L_MF505.jpg,1,,,,,0,10,10,94,imgFunc,0,NA,1.1923103999579325,352.9459786999505,354.230972989928,2023-09-03 12:49:54.871007,2023-09-03 12:49:56.147892,L_MF505.jpg,1,10800,18-29,2023-09-03_12h44.30.214,Recall,2021.2.3,59.99080940785551,
,DD039.jpg,0,FF039.jpg,0,,,,,0,11,11,38,imgFunc,9,NA,4.267143700039014,354.23099880001973,358.60248729004525,2023-09-03 12:49:56.154875,2023-09-03 12:50:00.517739,FF039.jpg,0,10800,18-29,2023-09-03_12h44.30.214,Recall,2021.2.3,59.99080940785551,
,L_SD508.jpg,1,L_MF508.jpg,1,,,,,0,12,12,97,imgFunc,2,NA,1.6191003000130877,358.63096889993176,360.37004468985833,2023-09-03 12:50:00.531736,2023-09-03 12:50:02.269266,L_MF508.jpg,1,10800,18-29,2023-09-03_12h44.30.214,Recall,2021.2.3,59.99080940785551,
,DD008.jpg,0,FF008.jpg,0,,,,,0,13,13,7,imgFunc,0,NA,1.0354991999920458,360.3508336999221,361.486527289846,2023-09-03 12:50:02.276266,2023-09-03 12:50:03.403215,FF008.jpg,0,10800,18-29,2023-09-03_12h44.30.214,Recall,2021.2.3,59.99080940785551,
,DD020.jpg,0,FF020.jpg,0,,,,,0,14,14,19,imgFunc,1,NA,1.9733040999853984,361.4846408999292,363.55345628981013,2023-09-03 12:50:03.411195,2023-09-03 12:50:05.470965,FF020.jpg,0,10800,18-29,2023-09-03_12h44.30.214,Recall,2021.2.3,59.99080940785551,
,DD012.jpg,0,FF012.jpg,0,,,,,0,15,15,11,imgFunc,1,NA,1.1332467999309301,363.5567642999813,364.79238148999866,2023-09-03 12:50:05.477923,2023-09-03 12:50:06.704630,FF012.jpg,0,10800,18-29,2023-09-03_12h44.30.214,Recall,2021.2.3,59.99080940785551,
,L_SD501.jpg,1,L_MF501.jpg,1,,,,,0,16,16,90,imgFunc,1,NA,3.3692773999646306,364.79291139997076,368.26274618983734,2023-09-03 12:50:06.712609,2023-09-03 12:50:10.174881,L_MF501.jpg,1,10800,18-29,2023-09-03_12h44.30.214,Recall,2021.2.3,59.99080940785551,
,DD030.jpg,0,FF030.jpg,0,,,,,0,17,17,29,imgFunc,1,NA,1.6371025000698864,368.26917869993486,370.0069358898327,2023-09-03 12:50:10.189843,2023-09-03 12:50:11.926040,FF030.jpg,0,10800,18-29,2023-09-03_12h44.30.214,Recall,2021.2.3,59.99080940785551,
,SD036.jpg,0,MF036.jpg,0,,,,,0,18,18,85,imgFunc,2,NA,2.63541989994701,370.01476849999744,372.7516769899521,2023-09-03 12:50:11.933023,2023-09-03 12:50:14.661445,MF036.jpg,0,10800,18-29,2023-09-03_12h44.30.214,Recall,2021.2.3,59.99080940785551,
,DD029.jpg,0,FF029.jpg,0,,,,,0,19,19,28,imgFunc,0,NA,1.3056148999603465,372.74458830000367,374.1468483899953,2023-09-03 12:50:14.668428,2023-09-03 12:50:16.062481,FF029.jpg,0,10800,18-29,2023-09-03_12h44.30.214,Recall,2021.2.3,59.99080940785551,
,L_DD506.jpg,1,L_FF506.jpg,1,,,,,0,20,20,45,imgFunc,9,NA,4.302173700067215,374.14798429992516,378.5525813899003,2023-09-03 12:50:16.069462,2023-09-03 12:50:20.465582,L_FF506.jpg,1,10800,18-29,2023-09-03_12h44.30.214,Recall,2021.2.3,59.99080940785551,
,L_DD507.jpg,1,L_FF507.jpg,1,,,,,0,21,21,46,imgFunc,1,NA,1.230822299956344,378.55547829996794,379.88916918984614,2023-09-03 12:50:20.474234,2023-09-03 12:50:21.799694,L_FF507.jpg,1,10800,18-29,2023-09-03_12h44.30.214,Recall,2021.2.3,59.99080940785551,
,DD023.jpg,0,FF023.jpg,0,,,,,0,22,22,22,imgFunc,2,NA,2.124910800019279,379.89325249998365,382.1147700899746,2023-09-03 12:50:21.814656,2023-09-03 12:50:24.034639,FF023.jpg,0,10800,18-29,2023-09-03_12h44.30.214,Recall,2021.2.3,59.99080940785551,
,DD031.jpg,0,FF031.jpg,0,,,,,0,23,23,30,imgFunc,0,NA,1.651582199963741,382.1266451999545,383.8797229899792,2023-09-03 12:50:24.041622,2023-09-03 12:50:25.786105,FF031.jpg,0,10800,18-29,2023-09-03_12h44.30.214,Recall,2021.2.3,59.99080940785551,
,DD038.jpg,0,FF038.jpg,0,,,,,0,24,24,37,imgFunc,9,NA,2.8196382999885827,383.87058829993475,386.79038698994555,2023-09-03 12:50:25.793088,2023-09-03 12:50:28.704693,FF038.jpg,0,10800,18-29,2023-09-03_12h44.30.214,Recall,2021.2.3,59.99080940785551,
,SD003.jpg,0,MF003.jpg,0,,,,,0,25,25,52,imgFunc,2,NA,2.871855700039305,386.7864702999359,389.756820189883,2023-09-03 12:50:28.711677,2023-09-03 12:50:31.673617,MF003.jpg,0,10800,18-29,2023-09-03_12h44.30.214,Recall,2021.2.3,59.99080940785551,
,L_SD502.jpg,1,L_MF502.jpg,1,,,,,0,26,26,91,imgFunc,9,NA,1.8687426999676973,389.7657136999769,391.735363989952,2023-09-03 12:50:31.680623,2023-09-03 12:50:33.641724,L_MF502.jpg,1,10800,18-29,2023-09-03_12h44.30.214,Recall,2021.2.3,59.99080940785551,
,SD013.jpg,0,MF013.jpg,0,,,,,0,27,27,62,imgFunc,1,NA,1.0283082000678405,391.73364599992055,392.8688083898742,2023-09-03 12:50:33.648707,2023-09-03 12:50:34.775761,MF013.jpg,0,10800,18-29,2023-09-03_12h44.30.214,Recall,2021.2.3,59.99080940785551,
,DD040.jpg,0,FF040.jpg,0,,,,,0,28,28,39,imgFunc,9,NA,1.2531326999887824,392.85284559999127,394.1888300899882,2023-09-03 12:50:34.782772,2023-09-03 12:50:36.109285,FF040.jpg,0,10800,18-29,2023-09-03_12h44.30.214,Recall,2021.2.3,59.99080940785551,
,SD039.jpg,0,MF039.jpg,0,,,,,0,29,29,88,imgFunc,0,NA,4.229276399943046,394.19708329997957,398.53384378994815,2023-09-03 12:50:36.117233,2023-09-03 12:50:40.446416,MF039.jpg,0,10800,18-29,2023-09-03_12h44.30.214,Recall,2021.2.3,59.99080940785551,
,SD027.jpg,0,MF027.jpg,0,,,,,0,30,30,76,imgFunc,9,NA,2.363301599980332,398.5350105999969,401.004158989992,2023-09-03 12:50:40.454396,2023-09-03 12:50:42.915180,MF027.jpg,0,10800,18-29,2023-09-03_12h44.30.214,Recall,2021.2.3,59.99080940785551,
,SD007.jpg,0,MF007.jpg,0,,,,,0,31,31,56,imgFunc,0,NA,2.247087499941699,401.01099310000427,403.3495950899087,2023-09-03 12:50:42.930142,2023-09-03 12:50:45.266728,MF007.jpg,0,10800,18-29,2023-09-03_12h44.30.214,Recall,2021.2.3,59.99080940785551,
,SD035.jpg,0,MF035.jpg,0,,,,,0,32,32,84,imgFunc,0,NA,1.669137299992144,403.3569916000124,405.1265203899238,2023-09-03 12:50:45.273729,2023-09-03 12:50:47.034712,MF035.jpg,0,10800,18-29,2023-09-03_12h44.30.214,Recall,2021.2.3,59.99080940785551,
,SD006.jpg,0,MF006.jpg,0,,,,,0,33,33,55,imgFunc,1,NA,1.2015966000035405,405.12067859992385,406.42257068981417,2023-09-03 12:50:47.041695,2023-09-03 12:50:48.334750,MF006.jpg,0,10800,18-29,2023-09-03_12h44.30.214,Recall,2021.2.3,59.99080940785551,
,SD038.jpg,0,MF038.jpg,0,,,,,0,34,34,87,imgFunc,2,NA,3.1377751999534667,406.4165972999763,409.6535966899246,2023-09-03 12:50:48.342753,2023-09-03 12:50:51.571148,MF038.jpg,0,10800,18-29,2023-09-03_12h44.30.214,Recall,2021.2.3,59.99080940785551,
,DD013.jpg,0,FF013.jpg,0,,,,,0,35,35,12,imgFunc,0,NA,3.48012030008249,409.65789039991796,413.2443171897903,2023-09-03 12:50:51.579129,2023-09-03 12:50:55.157006,FF013.jpg,0,10800,18-29,2023-09-03_12h44.30.214,Recall,2021.2.3,59.99080940785551,
,SD004.jpg,0,MF004.jpg,0,,,,,0,36,36,53,imgFunc,1,NA,1.6418752999743447,413.26412109995726,415.03156697994564,2023-09-03 12:50:55.173993,2023-09-03 12:50:56.925064,MF004.jpg,0,10800,18-29,2023-09-03_12h44.30.214,Recall,2021.2.3,59.99080940785551,
,SD014.jpg,0,MF014.jpg,0,,,,,0,37,37,63,imgFunc,2,NA,1.4541949999984354,415.00398609996773,416.5560156898573,2023-09-03 12:50:56.933044,2023-09-03 12:50:58.476124,MF014.jpg,0,10800,18-29,2023-09-03_12h44.30.214,Recall,2021.2.3,59.99080940785551,
,SD040.jpg,0,MF040.jpg,0,,,,,0,38,38,89,imgFunc,9,NA,2.0573298999806866,416.5608604999725,418.71375118999276,2023-09-03 12:50:58.483107,2023-09-03 12:51:00.627598,MF040.jpg,0,10800,18-29,2023-09-03_12h44.30.214,Recall,2021.2.3,59.99080940785551,
,DD019.jpg,0,FF019.jpg,0,,,,,0,39,39,18,imgFunc,9,NA,1.8782207999611273,418.7161181999836,420.7023531899322,2023-09-03 12:51:00.634582,2023-09-03 12:51:02.612229,FF019.jpg,0,10800,18-29,2023-09-03_12h44.30.214,Recall,2021.2.3,59.99080940785551,
,L_DD505.jpg,1,L_FF505.jpg,1,,,,,0,40,40,44,imgFunc,1,NA,1.0444658999331295,420.7018365999684,421.8536067898385,2023-09-03 12:51:02.620230,2023-09-03 12:51:03.763362,L_FF505.jpg,1,10800,18-29,2023-09-03_12h44.30.214,Recall,2021.2.3,59.99080940785551,
,L_DD501.jpg,1,L_FF501.jpg,1,,,,,0,41,41,40,imgFunc,0,NA,1.4830029000295326,421.84698059991933,423.4323881898308,2023-09-03 12:51:03.770345,2023-09-03 12:51:05.347377,L_FF501.jpg,1,10800,18-29,2023-09-03_12h44.30.214,Recall,2021.2.3,59.99080940785551,
,SD033.jpg,0,MF033.jpg,0,,,,,0,42,42,82,imgFunc,9,NA,2.134617200004868,423.4276944999583,425.66453268995974,2023-09-03 12:51:05.354358,2023-09-03 12:51:07.582573,MF033.jpg,0,10800,18-29,2023-09-03_12h44.30.214,Recall,2021.2.3,59.99080940785551,
,SD005.jpg,0,MF005.jpg,0,,,,,0,43,43,54,imgFunc,1,NA,2.1104526999406517,425.6677462999942,427.8711195898941,2023-09-03 12:51:07.589556,2023-09-03 12:51:09.784379,MF005.jpg,0,10800,18-29,2023-09-03_12h44.30.214,Recall,2021.2.3,59.99080940785551,
,DD024.jpg,0,FF024.jpg,0,,,,,0,44,44,23,imgFunc,0,NA,0.8951436999486759,427.86709029995836,428.85309368988965,2023-09-03 12:51:09.791362,2023-09-03 12:51:10.768722,FF024.jpg,0,10800,18-29,2023-09-03_12h44.30.214,Recall,2021.2.3,59.99080940785551,
,DD002.jpg,0,FF002.jpg,0,,,,,0,45,45,1,imgFunc,9,NA,3.123337799916044,428.8710102000041,432.09270718996413,2023-09-03 12:51:10.783684,2023-09-03 12:51:14.003744,FF002.jpg,0,10800,18-29,2023-09-03_12h44.30.214,Recall,2021.2.3,59.99080940785551,
,SD002.jpg,0,MF002.jpg,0,,,,,0,46,46,51,imgFunc,9,NA,2.4604987000348046,432.08568199991714,434.63878418994136,2023-09-03 12:51:14.010727,2023-09-03 12:51:16.555552,MF002.jpg,0,10800,18-29,2023-09-03_12h44.30.214,Recall,2021.2.3,59.99080940785551,
,DD018.jpg,0,FF018.jpg,0,,,,,0,47,47,17,imgFunc,9,NA,1.1314693000167608,434.6385259999661,435.87356618989725,2023-09-03 12:51:16.563533,2023-09-03 12:51:17.789957,FF018.jpg,0,10800,18-29,2023-09-03_12h44.30.214,Recall,2021.2.3,59.99080940785551,
,DD010.jpg,0,FF010.jpg,0,,,,,0,48,48,9,imgFunc,2,NA,1.996748200035654,435.87723530002404,437.97969208995346,2023-09-03 12:51:17.796948,2023-09-03 12:51:19.891057,FF010.jpg,0,10800,18-29,2023-09-03_12h44.30.214,Recall,2021.2.3,59.99080940785551,
,SD023.jpg,0,MF023.jpg,0,,,,,0,49,49,72,imgFunc,0,NA,2.2034086999483407,437.9749079999747,440.2778108898783,2023-09-03 12:51:19.899058,2023-09-03 12:51:22.193475,MF023.jpg,0,10800,18-29,2023-09-03_12h44.30.214,Recall,2021.2.3,59.99080940785551,
,SD012.jpg,0,MF012.jpg,0,,,,,0,50,50,61,imgFunc,9,NA,1.9671952000353485,440.2909063999541,442.3615114898421,2023-09-03 12:51:22.208459,2023-09-03 12:51:24.277891,MF012.jpg,0,10800,18-29,2023-09-03_12h44.30.214,Recall,2021.2.3,59.99080940785551,
,DD026.jpg,0,FF026.jpg,0,,,,,0,51,51,25,imgFunc,0,NA,2.6000928001012653,442.36200789990835,445.0653724898584,2023-09-03 12:51:24.284874,2023-09-03 12:51:26.980102,FF026.jpg,0,10800,18-29,2023-09-03_12h44.30.214,Recall,2021.2.3,59.99080940785551,
,SD034.jpg,0,MF034.jpg,0,,,,,0,52,52,83,imgFunc,9,NA,1.443677100003697,445.062585299951,446.5983958898578,2023-09-03 12:51:26.987109,2023-09-03 12:51:28.514508,MF034.jpg,0,10800,18-29,2023-09-03_12h44.30.214,Recall,2021.2.3,59.99080940785551,
,SD031.jpg,0,MF031.jpg,0,,,,,0,53,53,80,imgFunc,0,NA,1.1168029000982642,446.59746830002405,447.8160142899724,2023-09-03 12:51:28.521492,2023-09-03 12:51:29.731904,MF031.jpg,0,10800,18-29,2023-09-03_12h44.30.214,Recall,2021.2.3,59.99080940785551,
,DD015.jpg,0,FF015.jpg,0,,,,,0,54,54,14,imgFunc,9,NA,2.6963570000370964,447.8259599999292,450.62955308984965,2023-09-03 12:51:29.738887,2023-09-03 12:51:32.533991,FF015.jpg,0,10800,18-29,2023-09-03_12h44.30.214,Recall,2021.2.3,59.99080940785551,
,L_DD508.jpg,1,L_FF508.jpg,1,,,,,0,55,55,47,imgFunc,1,NA,0.8683710000477731,450.62199809995946,451.5911271900404,2023-09-03 12:51:32.540974,2023-09-03 12:51:33.501268,L_FF508.jpg,1,10800,18-29,2023-09-03_12h44.30.214,Recall,2021.2.3,59.99080940785551,
,DD004.jpg,0,FF004.jpg,0,,,,,0,56,56,3,imgFunc,2,NA,1.9472621000604704,451.5827934999252,453.61889258993324,2023-09-03 12:51:33.508251,2023-09-03 12:51:35.535970,FF004.jpg,0,10800,18-29,2023-09-03_12h44.30.214,Recall,2021.2.3,59.99080940785551,
,DD027.jpg,0,FF027.jpg,0,,,,,0,57,57,26,imgFunc,1,NA,4.428454600041732,453.6137223999249,458.13500858983025,2023-09-03 12:51:35.542952,2023-09-03 12:51:40.056007,FF027.jpg,0,10800,18-29,2023-09-03_12h44.30.214,Recall,2021.2.3,59.99080940785551,
,SD015.jpg,0,MF015.jpg,0,,,,,0,58,58,64,imgFunc,9,NA,2.8934963999781758,458.16478160000406,461.18372809002176,2023-09-03 12:51:40.063987,2023-09-03 12:51:43.074987,MF015.jpg,0,10800,18-29,2023-09-03_12h44.30.214,Recall,2021.2.3,59.99080940785551,
,SD032.jpg,0,MF032.jpg,0,,,,,0,59,59,81,imgFunc,0,NA,2.035845600068569,461.1743868999183,463.31228839000687,2023-09-03 12:51:43.089949,2023-09-03 12:51:45.226334,MF032.jpg,0,10800,18-29,2023-09-03_12h44.30.214,Recall,2021.2.3,59.99080940785551,
,L_DD510.jpg,1,L_FF510.jpg,1,,,,,0,60,60,49,imgFunc,9,NA,1.4507353000808507,463.31149370002095,464.86402749002445,2023-09-03 12:51:45.234315,2023-09-03 12:51:46.777850,L_FF510.jpg,1,10800,18-29,2023-09-03_12h44.30.214,Recall,2021.2.3,59.99080940785551,
,DD037.jpg,0,FF037.jpg,0,,,,,0,61,61,36,imgFunc,1,NA,1.04299829993397,464.8652254999615,466.01772258989513,2023-09-03 12:51:46.784833,2023-09-03 12:51:47.928505,FF037.jpg,0,10800,18-29,2023-09-03_12h44.30.214,Recall,2021.2.3,59.99080940785551,
,DD009.jpg,0,FF009.jpg,0,,,,,0,62,62,8,imgFunc,1,NA,1.2656262000091374,466.0165868999902,467.3855967900017,2023-09-03 12:51:47.935488,2023-09-03 12:51:49.295759,FF009.jpg,0,10800,18-29,2023-09-03_12h44.30.214,Recall,2021.2.3,59.99080940785551,
,L_SD510.jpg,1,L_MF510.jpg,1,,,,,0,63,63,99,imgFunc,9,NA,1.7983162000309676,467.3880319999298,469.29087618994527,2023-09-03 12:51:49.302742,2023-09-03 12:51:51.197305,L_MF510.jpg,1,10800,18-29,2023-09-03_12h44.30.214,Recall,2021.2.3,59.99080940785551,
,DD016.jpg,0,FF016.jpg,0,,,,,0,64,64,15,imgFunc,1,NA,2.3243434000760317,469.29405209992547,471.7159278898034,2023-09-03 12:51:51.212290,2023-09-03 12:51:53.632472,FF016.jpg,0,10800,18-29,2023-09-03_12h44.30.214,Recall,2021.2.3,59.99080940785551,
,SD019.jpg,0,MF019.jpg,0,,,,,0,65,65,68,imgFunc,1,NA,1.936718299984932,471.7135484999744,473.74969498987775,2023-09-03 12:51:53.639455,2023-09-03 12:51:55.667133,MF019.jpg,0,10800,18-29,2023-09-03_12h44.30.214,Recall,2021.2.3,59.99080940785551,
,DD022.jpg,0,FF022.jpg,0,,,,,0,66,66,21,imgFunc,9,NA,2.128536899923347,473.76168080000207,475.99733748985454,2023-09-03 12:51:55.675114,2023-09-03 12:51:57.902251,FF022.jpg,0,10800,18-29,2023-09-03_12h44.30.214,Recall,2021.2.3,59.99080940785551,
,DD003.jpg,0,FF003.jpg,0,,,,,0,67,67,2,imgFunc,9,NA,1.1942885000025854,475.9920374000212,477.293725489988,2023-09-03 12:51:57.910231,2023-09-03 12:51:59.202982,FF003.jpg,0,10800,18-29,2023-09-03_12h44.30.214,Recall,2021.2.3,59.99080940785551,
,SD009.jpg,0,MF009.jpg,0,,,,,0,68,68,58,imgFunc,1,NA,1.6993905999697745,477.2950364999706,479.0978708898183,2023-09-03 12:51:59.209965,2023-09-03 12:52:01.004396,MF009.jpg,0,10800,18-29,2023-09-03_12h44.30.214,Recall,2021.2.3,59.99080940785551,
,SD037.jpg,0,MF037.jpg,0,,,,,0,69,69,86,imgFunc,2,NA,3.0319714000215754,479.09006269997917,482.2264777899254,2023-09-03 12:52:01.011379,2023-09-03 12:52:04.139051,MF037.jpg,0,10800,18-29,2023-09-03_12h44.30.214,Recall,2021.2.3,59.99080940785551,
,SD010.jpg,0,MF010.jpg,0,,,,,0,70,70,59,imgFunc,0,NA,2.2460356999654323,482.2280066999374,484.58037408976816,2023-09-03 12:52:04.147028,2023-09-03 12:52:06.491548,MF010.jpg,0,10800,18-29,2023-09-03_12h44.30.214,Recall,2021.2.3,59.99080940785551,
,SD026.jpg,0,MF026.jpg,0,,,,,0,71,71,75,imgFunc,9,NA,1.392655299976468,484.5776496999897,486.06360329000745,2023-09-03 12:52:06.498517,2023-09-03 12:52:07.976221,MF026.jpg,0,10800,18-29,2023-09-03_12h44.30.214,Recall,2021.2.3,59.99080940785551,
,SD028.jpg,0,MF028.jpg,0,,,,,0,72,72,77,imgFunc,9,NA,3.5663674999959767,486.06786589999683,489.73941818997264,2023-09-03 12:52:07.983205,2023-09-03 12:52:11.646056,MF028.jpg,0,10800,18-29,2023-09-03_12h44.30.214,Recall,2021.2.3,59.99080940785551,
,DD035.jpg,0,FF035.jpg,0,,,,,0,73,73,34,imgFunc,1,NA,1.4122371999546885,489.7579965000041,491.27656788995955,2023-09-03 12:52:11.662015,2023-09-03 12:52:13.179992,FF035.jpg,0,10800,18-29,2023-09-03_12h44.30.214,Recall,2021.2.3,59.99080940785551,
,DD028.jpg,0,FF028.jpg,0,,,,,0,74,74,27,imgFunc,1,NA,0.726719000027515,491.2676078999648,492.1028143898584,2023-09-03 12:52:13.186975,2023-09-03 12:52:14.013708,FF028.jpg,0,10800,18-29,2023-09-03_12h44.30.214,Recall,2021.2.3,59.99080940785551,
,SD016.jpg,0,MF016.jpg,0,,,,,0,75,75,65,imgFunc,9,NA,2.5399127999553457,492.1024917999748,494.7393636899069,2023-09-03 12:52:14.020713,2023-09-03 12:52:16.649328,MF016.jpg,0,10800,18-29,2023-09-03_12h44.30.214,Recall,2021.2.3,59.99080940785551,
,L_SD509.jpg,1,L_MF509.jpg,1,,,,,0,76,76,98,imgFunc,1,NA,1.9884546999819577,494.7415753999958,496.84459429001436,2023-09-03 12:52:16.656311,2023-09-03 12:52:18.750603,L_MF509.jpg,1,10800,18-29,2023-09-03_12h44.30.214,Recall,2021.2.3,59.99080940785551,
,SD021.jpg,0,MF021.jpg,0,,,,,0,77,77,70,imgFunc,0,NA,1.911777500063181,496.8425778999226,498.862199389725,2023-09-03 12:52:18.757587,2023-09-03 12:52:20.768629,MF021.jpg,0,10800,18-29,2023-09-03_12h44.30.214,Recall,2021.2.3,59.99080940785551,
,SD030.jpg,0,MF030.jpg,0,,,,,0,78,78,79,imgFunc,9,NA,1.6802743999287486,498.8658836999675,500.6370326898759,2023-09-03 12:52:20.783591,2023-09-03 12:52:22.553301,MF030.jpg,0,10800,18-29,2023-09-03_12h44.30.214,Recall,2021.2.3,59.99080940785551,
,DD032.jpg,0,FF032.jpg,0,,,,,0,79,79,31,imgFunc,1,NA,1.5811930999625474,500.63704249996226,502.32325508992653,2023-09-03 12:52:22.560284,2023-09-03 12:52:24.237681,FF032.jpg,0,10800,18-29,2023-09-03_12h44.30.214,Recall,2021.2.3,59.99080940785551,
,DD011.jpg,0,FF011.jpg,0,,,,,0,80,80,10,imgFunc,1,NA,2.2416722000343725,502.3286793999141,504.6823053897824,2023-09-03 12:52:24.244665,2023-09-03 12:52:26.589501,FF011.jpg,0,10800,18-29,2023-09-03_12h44.30.214,Recall,2021.2.3,59.99080940785551,
,DD014.jpg,0,FF014.jpg,0,,,,,0,81,81,13,imgFunc,9,NA,3.839103400008753,504.6752828999888,508.61305678996723,2023-09-03 12:52:26.596493,2023-09-03 12:52:30.525700,FF014.jpg,0,10800,18-29,2023-09-03_12h44.30.214,Recall,2021.2.3,59.99080940785551,
,SD025.jpg,0,MF025.jpg,0,,,,,0,82,82,74,imgFunc,0,NA,1.5079056000104174,508.62243819993455,510.24169258994516,2023-09-03 12:52:30.532683,2023-09-03 12:52:32.143295,MF025.jpg,0,10800,18-29,2023-09-03_12h44.30.214,Recall,2021.2.3,59.99080940785551,
,DD033.jpg,0,FF033.jpg,0,,,,,0,83,83,32,imgFunc,9,NA,1.8109848001040518,510.2311055000173,512.1504695900949,2023-09-03 12:52:32.150278,2023-09-03 12:52:34.060661,FF033.jpg,0,10800,18-29,2023-09-03_12h44.30.214,Recall,2021.2.3,59.99080940785551,
,DD034.jpg,0,FF034.jpg,0,,,,,0,84,84,33,imgFunc,0,NA,1.8624267999548465,512.1556199999759,514.1247207899578,2023-09-03 12:52:34.068640,2023-09-03 12:52:36.029359,FF034.jpg,0,10800,18-29,2023-09-03_12h44.30.214,Recall,2021.2.3,59.99080940785551,
,L_SD503.jpg,1,L_MF503.jpg,1,,,,,0,85,85,92,imgFunc,1,NA,2.006972400005907,514.1150840999326,516.2161524898838,2023-09-03 12:52:36.037366,2023-09-03 12:52:38.131242,L_MF503.jpg,1,10800,18-29,2023-09-03_12h44.30.214,Recall,2021.2.3,59.99080940785551,
,L_DD509.jpg,1,L_FF509.jpg,1,,,,,0,86,86,48,imgFunc,0,NA,3.2340783000690863,516.2244883999228,519.5621171899838,2023-09-03 12:52:38.138225,2023-09-03 12:52:41.467092,L_FF509.jpg,1,10800,18-29,2023-09-03_12h44.30.214,Recall,2021.2.3,59.99080940785551,
,SD020.jpg,0,MF020.jpg,0,,,,,0,87,87,69,imgFunc,0,NA,1.2884231000207365,519.5697802000213,520.9575733898673,2023-09-03 12:52:41.482055,2023-09-03 12:52:42.867943,MF020.jpg,0,10800,18-29,2023-09-03_12h44.30.214,Recall,2021.2.3,59.99080940785551,
,L_SD506.jpg,1,L_MF506.jpg,1,,,,,0,88,88,95,imgFunc,0,NA,0.652512300061062,520.9498277999228,521.7018625898054,2023-09-03 12:52:42.874927,2023-09-03 12:52:43.618729,L_MF506.jpg,1,10800,18-29,2023-09-03_12h44.30.214,Recall,2021.2.3,59.99080940785551,
,L_DD503.jpg,1,L_FF503.jpg,1,,,,,0,89,89,42,imgFunc,1,NA,1.0293195000849664,521.7090452999109,522.8308353897883,2023-09-03 12:52:43.632693,2023-09-03 12:52:44.752746,L_FF503.jpg,1,10800,18-29,2023-09-03_12h44.30.214,Recall,2021.2.3,59.99080940785551,
,SD017.jpg,0,MF017.jpg,0,,,,,0,90,90,66,imgFunc,0,NA,1.5164978000102565,522.8378218999133,524.4567153898533,2023-09-03 12:52:44.759727,2023-09-03 12:52:46.370348,MF017.jpg,0,10800,18-29,2023-09-03_12h44.30.214,Recall,2021.2.3,59.99080940785551,
,L_DD502.jpg,1,L_FF502.jpg,1,,,,,0,91,91,41,imgFunc,9,NA,1.0519485999830067,524.46240999992,525.6150400899351,2023-09-03 12:52:46.377331,2023-09-03 12:52:47.521472,L_FF502.jpg,1,10800,18-29,2023-09-03_12h44.30.214,Recall,2021.2.3,59.99080940785551,
,L_DD504.jpg,1,L_FF504.jpg,1,,,,,0,92,92,43,imgFunc,1,NA,1.533236899995245,525.6211358999135,527.2580086898524,2023-09-03 12:52:47.536462,2023-09-03 12:52:49.172256,L_FF504.jpg,1,10800,18-29,2023-09-03_12h44.30.214,Recall,2021.2.3,59.99080940785551,
,SD024.jpg,0,MF024.jpg,0,,,,,0,93,93,73,imgFunc,0,NA,0.9209832000778988,527.2573253000155,528.2766218899051,2023-09-03 12:52:49.179239,2023-09-03 12:52:50.189854,MF024.jpg,0,10800,18-29,2023-09-03_12h44.30.214,Recall,2021.2.3,59.99080940785551,
,DD006.jpg,0,FF006.jpg,0,,,,,0,94,94,5,imgFunc,9,NA,1.3690386000089347,528.2733134999871,529.7426496900152,2023-09-03 12:52:50.196837,2023-09-03 12:52:51.656818,FF006.jpg,0,10800,18-29,2023-09-03_12h44.30.214,Recall,2021.2.3,59.99080940785551,
,SD029.jpg,0,MF029.jpg,0,,,,,0,95,95,78,imgFunc,0,NA,1.4746106999227777,529.7436846999917,531.3133950898191,2023-09-03 12:52:51.664790,2023-09-03 12:52:53.225358,MF029.jpg,0,10800,18-29,2023-09-03_12h44.30.214,Recall,2021.2.3,59.99080940785551,
,SD018.jpg,0,MF018.jpg,0,,,,,0,96,96,67,imgFunc,9,NA,2.364879100001417,531.325362399919,533.8098502898356,2023-09-03 12:52:53.233338,2023-09-03 12:52:55.710294,MF018.jpg,0,10800,18-29,2023-09-03_12h44.30.214,Recall,2021.2.3,59.99080940785551,
,DD017.jpg,0,FF017.jpg,0,,,,,0,97,97,16,imgFunc,1,NA,1.0314644000027329,533.7949706999352,534.9289069898659,2023-09-03 12:52:55.718274,2023-09-03 12:52:56.844549,FF017.jpg,0,10800,18-29,2023-09-03_12h44.30.214,Recall,2021.2.3,59.99080940785551,
,DD021.jpg,0,FF021.jpg,0,,,,,0,98,98,20,imgFunc,1,NA,1.3951339999912307,534.9270661999471,536.4128436899045,2023-09-03 12:52:56.851532,2023-09-03 12:52:58.328950,FF021.jpg,0,10800,18-29,2023-09-03_12h44.30.214,Recall,2021.2.3,59.99080940785551,
,DD005.jpg,0,FF005.jpg,0,,,,,0,99,99,4,imgFunc,0,NA,1.6345647000707686,536.4153664999176,538.1506143899169,2023-09-03 12:52:58.335933,2023-09-03 12:53:00.062814,FF005.jpg,0,10800,18-29,2023-09-03_12h44.30.214,Recall,2021.2.3,59.99080940785551,
